[
    {
        "name": "Crypto Coins News",
        "id": "crypto-coins-news",
        "email": "ccn-company@coinpush.app",
        "img": "ccn.jpg",
        "password": "test"
    },
    {
        "name": "CoinDesk",
        "id": "coindesk",
        "email": "coindesk-company@coinpush.app",
        "img": "coindesk.jpg",
        "password": "test"
    },
    {
        "name": "IG",
        "id": "ig",
        "email": "ig@coinpush.app",
        "img": "ig.png",
        "password": "test"
    }
]